epoch,background_precision,background_recall,boundary_precision,boundary_recall,categorical_accuracy,interior_precision,interior_recall,loss,val_background_precision,val_background_recall,val_boundary_precision,val_boundary_recall,val_categorical_accuracy,val_interior_precision,val_interior_recall,val_loss
0,0.9461269378662109,0.915058970451355,0.3287205100059509,0.8543342351913452,0.8436138033866882,0.7361196279525757,0.5229058265686035,0.5361183881759644,0.9966654777526855,0.9538647532463074,0.5176965594291687,0.9292306303977966,0.9397478103637695,0.9178895354270935,0.8748970627784729,0.2454366534948349
1,0.9898656606674194,0.9541395306587219,0.47077786922454834,0.9289690256118774,0.9300402998924255,0.9483067393302917,0.8273892402648926,0.2834323048591614,0.9985236525535583,0.9690561294555664,0.4925318956375122,0.9561251997947693,0.9511021375656128,0.990635097026825,0.8765048980712891,0.19062387943267822
2,0.9965654611587524,0.9657021164894104,0.5022777318954468,0.9419640898704529,0.9465246796607971,0.9809927344322205,0.8663262128829956,0.22303132712841034,0.9986924529075623,0.9699710011482239,0.45651495456695557,0.969610869884491,0.9445782899856567,0.9854459166526794,0.8161610960960388,0.19339565932750702
3,0.9968465566635132,0.9667705297470093,0.5086307525634766,0.944395124912262,0.948211133480072,0.9805658459663391,0.8684269189834595,0.21261665225028992,0.9990212917327881,0.9709305167198181,0.5102300047874451,0.9595584869384766,0.9545705914497375,0.9858832359313965,0.8820622563362122,0.17375676333904266
4,0.9973381161689758,0.969045877456665,0.5172175765037537,0.9471977353096008,0.9505876898765564,0.9859400391578674,0.8717477917671204,0.20259982347488403,0.9987776875495911,0.9614704251289368,0.541168749332428,0.9322517514228821,0.9584394097328186,0.9624290466308594,0.9351226687431335,0.19740581512451172
